Time Taken:, ROWS, COLS
0,16,16
0,32,32
0.0156,64,64
0.0936002,128,128
0.327601,256,256
1.3134,512,512
